GISJOIN,STATEFP,PLACEFP,PLACENS,GEOID,NAME,NAMELSAD,LSAD,CLASSFP,PCICBSA,PCINECTA,MTFCC,FUNCSTAT,ALAND,AWATER,INTPTLAT,INTPTLON,Shape_Leng,Shape_Area
G20000225,"20","00225","02583496","2000225",Ada,Ada CDP,"57",U1,N,N,G4210,S,6580260.00000000000,0.00000000000,"+39.1621996","-097.8859477",11486.50144540000,6580261.78502000030
G20000325,"20","00325","02393883","2000325",Admire,Admire city,"25",C1,N,N,G4110,A,836798.00000000000,0.00000000000,"+38.6409949","-096.1020087",3669.72283199000,836797.21807900001
G20000475,"20","00475","02393890","2000475",Agenda,Agenda city,"25",C1,N,N,G4110,A,448549.00000000000,0.00000000000,"+39.7065672","-097.4322389",3738.58110489000,448549.81806399999
G20001275,"20","01275","02393921","2001275",Allen,Allen city,"25",C1,N,N,G4110,A,715808.00000000000,0.00000000000,"+38.6551225","-096.1696355",3563.01179438000,715808.79735300003
G20001350,"20","01350","02393926","2001350",Alma,Alma city,"25",C1,N,N,G4110,A,1514197.00000000000,37583.00000000000,"+39.0156813","-096.2870964",9656.74503771000,1551785.55703000003
G20001600,"20","01600","02393938","2001600",Alton,Alton city,"25",C1,N,N,G4110,A,801416.00000000000,0.00000000000,"+39.4678040","-098.9486390",4038.38787160000,801417.60055099998
G20001675,"20","01675","02393946","2001675",Americus,Americus city,"25",C1,N,N,G4110,A,2804809.00000000000,31050.00000000000,"+38.5063849","-096.2612819",8248.83888215000,2835854.64699999988
G20001975,"20","01975","00485540","2001975",Anthony,Anthony city,"25",C5,N,N,G4110,A,8345180.00000000000,458153.00000000000,"+37.1585331","-098.0427758",42349.32176530001,8803322.21240000054
G20002250,"20","02250","02393981","2002250",Argonia,Argonia city,"25",C1,N,N,G4110,A,1807690.00000000000,0.00000000000,"+37.2678762","-097.7629391",9051.65490685000,1807684.29108000011
G20002675,"20","02675","02393999","2002675",Ashland,Ashland city,"25",C1,N,N,G4110,A,4379602.00000000000,0.00000000000,"+37.1866610","-099.7696711",12711.36541970000,4379598.60737000033
G20002850,"20","02850","02394006","2002850",Assaria,Assaria city,"25",C1,N,N,G4110,A,604944.00000000000,0.00000000000,"+38.6802029","-097.6041423",3759.63050906000,604943.02105800004
G20003050,"20","03050","02394016","2003050",Atlanta,Atlanta city,"25",C1,N,N,G4110,A,1239365.00000000000,0.00000000000,"+37.4357375","-096.7669778",4564.87205375000,1239364.51716000005
G20003800,"20","03800","02804655","2003800",Bala,Bala CDP,"57",U1,N,N,G4210,S,1111475.00000000000,0.00000000000,"+39.3108293","-096.9503922",4703.06667143000,1111473.07257000008
G20004225,"20","04225","02394062","2004225",Barnard,Barnard city,"25",C1,N,N,G4110,A,577264.00000000000,0.00000000000,"+39.1891709","-098.0442515",3615.07844150000,577262.99194400001
G20004250,"20","04250","02394063","2004250",Barnes,Barnes city,"25",C1,N,N,G4110,A,440544.00000000000,16687.00000000000,"+39.7115508","-096.8734042",4405.32922879000,457231.59435000003
G20004350,"20","04350","02394072","2004350",Bartlett,Bartlett city,"25",C1,N,N,G4110,A,343312.00000000000,187.00000000000,"+37.0548602","-095.2115688",2522.80385486000,343497.84411200002
G20004450,"20","04450","02394075","2004450",Bassett,Bassett city,"25",C1,N,N,G4110,A,173169.00000000000,78380.00000000000,"+37.9072060","-095.4056506",3367.16222757000,251549.97068000000
G20004925,"20","04925","02806453","2004925",Beaumont,Beaumont CDP,"57",U1,N,N,G4210,S,1435201.00000000000,17747.00000000000,"+37.6559754","-096.5318138",5469.20714481000,1452946.18204999994
G20005500,"20","05500","02394114","2005500",Belle Plaine,Belle Plaine city,"25",C1,N,N,G4110,A,2150497.00000000000,0.00000000000,"+37.3934285","-097.2795482",9160.55049821000,2150499.65042999992
G20005600,"20","05600","00485546","2005600",Belleville,Belleville city,"25",C5,N,N,G4110,A,5324509.00000000000,97235.00000000000,"+39.8243366","-097.6338554",23117.51404260000,5421746.26238999981
G20006000,"20","06000","02394132","2006000",Benedict,Benedict city,"25",C1,N,N,G4110,A,378672.00000000000,0.00000000000,"+37.6268832","-095.7434829",3238.21472830000,378671.40779999999
G20006125,"20","06125","02394139","2006125",Bentley,Bentley city,"25",C1,N,N,G4110,A,786120.00000000000,0.00000000000,"+37.8867616","-097.5147116",5071.31141672000,786119.76845500001
G20006275,"20","06275","02394147","2006275",Bern,Bern city,"25",C1,N,N,G4110,A,736823.00000000000,0.00000000000,"+39.9614154","-095.9710647",4431.41418383000,736823.54006300005
G20006500,"20","06500","02394158","2006500",Beverly,Beverly city,"25",C1,N,N,G4110,A,516345.00000000000,0.00000000000,"+39.0138315","-097.9754542",3601.52614229000,516345.13689999998
G20006825,"20","06825","02394172","2006825",Bird City,Bird City city,"25",C1,N,N,G4110,A,5869491.00000000000,0.00000000000,"+39.7495137","-101.5327651",9680.42290096000,5869488.97936000023
G20007600,"20","07600","02394204","2007600",Blue Mound,Blue Mound city,"25",C1,N,N,G4110,A,1647683.00000000000,4836.00000000000,"+38.0893572","-095.0099263",5578.39902980000,1652518.91793000000
G20007775,"20","07775","02394208","2007775",Bluff City,Bluff City city,"25",C1,N,N,G4110,A,1310530.00000000000,0.00000000000,"+37.0761158","-097.8747005",4584.62781401000,1310532.12066000002
G20007825,"20","07825","02394214","2007825",Bogue,Bogue city,"25",C1,N,N,G4110,A,671320.00000000000,0.00000000000,"+39.3595222","-099.6873900",3388.84959931000,671322.24693699996
G20008450,"20","08450","02806459","2008450",Bridgeport,Bridgeport CDP,"57",U1,N,N,G4210,S,539287.00000000000,0.00000000000,"+38.6271396","-097.6140038",3328.95898860000,539287.96395799995
G20008475,"20","08475","02393424","2008475",Bronson,Bronson city,"25",C1,N,N,G4110,A,1156885.00000000000,572.00000000000,"+37.8958065","-095.0731127",5920.53835641000,1157457.11318000010
G20008675,"20","08675","02393437","2008675",Brownell,Brownell city,"25",C1,N,N,G4110,A,513174.00000000000,0.00000000000,"+38.6406194","-099.7442750",3485.58601046000,513172.17951900000
G20009000,"20","09000","02393449","2009000",Bucklin,Bucklin city,"25",C1,N,N,G4110,A,1489942.00000000000,70012.00000000000,"+37.5486469","-099.6344185",6745.91538903000,1559955.86370999995
G20009200,"20","09200","02393460","2009200",Buhler,Buhler city,"25",C1,N,N,G4110,A,1854424.00000000000,0.00000000000,"+38.1384261","-097.7705686",8849.86305959000,1854420.36812000000
G20009300,"20","09300","02804503","2009300",Burdick,Burdick CDP,"57",U1,N,N,G4210,S,2605722.00000000000,0.00000000000,"+38.5589434","-096.8472436",6458.74712922000,2605719.94285999984
G20009400,"20","09400","00485549","2009400",Burlington,Burlington city,"25",C5,N,N,G4110,A,5719914.00000000000,42991.00000000000,"+38.1932893","-095.7454278",24977.92730700000,5762906.09338000044
G20009450,"20","09450","02393471","2009450",Burns,Burns city,"25",C1,N,N,G4110,A,891262.00000000000,0.00000000000,"+38.0897378","-096.8876681",5647.36353785000,891266.67207199999
G20009525,"20","09525","02393473","2009525",Burr Oak,Burr Oak city,"25",C1,N,N,G4110,A,2132378.00000000000,10238.00000000000,"+39.8703470","-098.3057081",8561.74307432000,2142617.59615000011
G20009575,"20","09575","02393474","2009575",Burrton,Burrton city,"25",C1,N,N,G4110,A,2296775.00000000000,0.00000000000,"+38.0237192","-097.6714518",7239.69713817000,2296778.23118000012
G20009675,"20","09675","02393479","2009675",Bushong,Bushong city,"25",C1,N,N,G4110,A,392602.00000000000,0.00000000000,"+38.6427996","-096.2567348",2588.19560675000,392602.25572299998
G20009900,"20","09900","00485550","2009900",Caldwell,Caldwell city,"25",C5,N,N,G4110,A,2768404.00000000000,0.00000000000,"+37.0350092","-097.6088676",7955.28075834000,2768409.68750000000
G20010675,"20","10675","02393748","2010675",Carlton,Carlton city,"25",C1,N,N,G4110,A,440560.00000000000,0.00000000000,"+38.6866630","-097.2931593",2776.02290553000,440560.81752799999
G20011325,"20","11325","02393773","2011325",Cedar,Cedar city,"25",C1,N,N,G4110,A,462020.00000000000,0.00000000000,"+39.6571204","-098.9401782",3281.45363717000,462021.47489600000
G20011450,"20","11450","02393777","2011450",Cedar Vale,Cedar Vale city,"25",C1,N,N,G4110,A,1952832.00000000000,2095.00000000000,"+37.1051346","-096.5026231",7232.32632655000,1954926.54379000003
G20012425,"20","12425","02393790","2012425",Centralia,Centralia city,"25",C1,N,N,G4110,A,1174591.00000000000,257.00000000000,"+39.7244128","-096.1309550",5837.05569094000,1174841.89430000004
G20012675,"20","12675","02393812","2012675",Chautauqua,Chautauqua city,"25",C1,N,N,G4110,A,1099107.00000000000,718.00000000000,"+37.0238970","-096.1771437",4585.17082883000,1099825.53187999991
G20012950,"20","12950","00485554","2012950",Chetopa,Chetopa city,"25",C5,N,N,G4110,A,3532610.00000000000,204849.00000000000,"+37.0374374","-095.0922495",13559.89552250000,3737466.63085999992
G20013375,"20","13375","02393528","2013375",Circleville,Circleville city,"25",C1,N,N,G4110,A,655780.00000000000,0.00000000000,"+39.5094367","-095.8556744",3615.87196260000,655779.87932700000
G20013625,"20","13625","00485555","2013625",Clay Center,Clay Center city,"25",C5,N,N,G4110,A,8264003.00000000000,5894.00000000000,"+39.3811819","-097.1273715",31281.17052400000,8269900.51425999962
G20013925,"20","13925","02393555","2013925",Clearwater,Clearwater city,"25",C1,N,N,G4110,A,5017970.00000000000,0.00000000000,"+37.5095844","-097.4974823",26008.98701090000,5017970.23849999998
G20014200,"20","14200","02393563","2014200",Clifton,Clifton city,"25",C1,N,N,G4110,A,1057826.00000000000,0.00000000000,"+39.5680948","-097.2805516",6879.06972161000,1057827.03165000002
G20014275,"20","14275","02393566","2014275",Climax,Climax city,"25",C1,N,N,G4110,A,310335.00000000000,0.00000000000,"+37.7191681","-096.2240321",2614.91304740000,310336.25891300000
G20014475,"20","14475","02393578","2014475",Clyde,Clyde city,"25",C1,N,N,G4110,A,1742016.00000000000,0.00000000000,"+39.5918304","-097.4002123",8123.05089677000,1742015.79389000009
G20014575,"20","14575","02804531","2014575",Codell,Codell CDP,"57",U1,N,N,G4210,S,1947940.00000000000,0.00000000000,"+39.1953784","-099.1701226",7992.85957602000,1947938.54590000003
G20014700,"20","14700","02393591","2014700",Coldwater,Coldwater city,"25",C1,N,N,G4110,A,6635968.00000000000,871705.00000000000,"+37.2675428","-099.3234003",21803.85314390000,7507673.82608000003
G20014950,"20","14950","02393603","2014950",Colony,Colony city,"25",C1,N,N,G4110,A,1253544.00000000000,1281.00000000000,"+38.0728386","-095.3622249",7610.59859416000,1254829.31003000005
G20015325,"20","15325","02393624","2015325",Conway Springs,Conway Springs city,"25",C1,N,N,G4110,A,2555879.00000000000,0.00000000000,"+37.3898615","-097.6429417",15869.45595050000,2555881.26022000005
G20015725,"20","15725","02393637","2015725",Corning,Corning city,"25",C1,N,N,G4110,A,787144.00000000000,0.00000000000,"+39.6570894","-096.0287888",4322.58810293000,787142.05860100000
G20015900,"20","15900","02393648","2015900",Cottonwood Falls,Cottonwood Falls city,"25",C1,N,N,G4110,A,1668225.00000000000,15662.00000000000,"+38.3682110","-096.5427551",7261.55001978000,1683883.86299000005
G20015925,"20","15925","00485560","2015925",Council Grove,Council Grove city,"25",C5,N,N,G4110,A,5530703.00000000000,192223.00000000000,"+38.6631487","-096.4917824",21385.00076240000,5722933.35130000021
G20016150,"20","16150","02393658","2016150",Coyville,Coyville city,"25",C1,N,N,G4110,A,697546.00000000000,0.00000000000,"+37.6872403","-095.8959383",4615.52885648000,697547.71673600003
G20016625,"20","16625","02393691","2016625",Cuba,Cuba city,"25",C1,N,N,G4110,A,747156.00000000000,0.00000000000,"+39.8023462","-097.4574217",4478.59276459000,747155.80208800000
G20016700,"20","16700","02393693","2016700",Culver,Culver city,"25",C1,N,N,G4110,A,461200.00000000000,0.00000000000,"+38.9701591","-097.7590780",3146.79033507000,461199.50046499999
G20016975,"20","16975","02393710","2016975",Damar,Damar city,"25",C1,N,N,G4110,A,493431.00000000000,0.00000000000,"+39.3191519","-099.5844592",3201.09717100000,493431.97433200001
G20017625,"20","17625","02394515","2017625",Denison,Denison city,"25",C1,N,N,G4110,A,290947.00000000000,0.00000000000,"+39.3937945","-095.6284508",2376.70704454000,290946.35940800002
G20017675,"20","17675","02804492","2017675",Dennis,Dennis CDP,"57",U1,N,N,G4210,S,3903360.00000000000,613.00000000000,"+37.3486347","-095.4030997",8016.26804371000,3903973.02173000015
G20017900,"20","17900","02804482","2017900",Devon,Devon CDP,"57",U1,N,N,G4210,S,1826104.00000000000,18002.00000000000,"+37.9222481","-094.8153085",7363.80740233000,1844103.62192000006
G20017925,"20","17925","02394531","2017925",Dexter,Dexter city,"25",C1,N,N,G4110,A,718589.00000000000,0.00000000000,"+37.1795671","-096.7160395",5308.51416352000,718589.75910100003
G20018950,"20","18950","02394578","2018950",Dunlap,Dunlap city,"25",C1,N,N,G4110,A,638263.00000000000,0.00000000000,"+38.5762863","-096.3675679",3214.85247864000,638263.13850600005
G20019600,"20","19600","02394611","2019600",Easton,Easton city,"25",C1,N,N,G4110,A,434529.00000000000,0.00000000000,"+39.3455819","-095.1171733",5080.78413616000,434530.89431300003
G20019875,"20","19875","02394623","2019875",Edmond,Edmond city,"25",C1,N,N,G4110,A,429559.00000000000,0.00000000000,"+39.6271443","-099.8198647",3210.22360452000,429558.55189599999
G20019900,"20","19900","02394625","2019900",Edna,Edna city,"25",C1,N,N,G4110,A,1019246.00000000000,0.00000000000,"+37.0584850","-095.3591754",8138.76798339000,1019242.70849999995
G20020025,"20","20025","02394629","2020025",Effingham,Effingham city,"25",C1,N,N,G4110,A,1603690.00000000000,0.00000000000,"+39.5229087","-095.3969190",7557.60638332000,1603690.94775000005
G20020125,"20","20125","02394644","2020125",Elgin,Elgin city,"25",C1,N,N,G4110,A,504891.00000000000,1809.00000000000,"+37.0016449","-096.2806469",3183.56665034000,506701.76601899997
G20020250,"20","20250","02394647","2020250",Elk City,Elk City city,"25",C1,N,N,G4110,A,875895.00000000000,2059.00000000000,"+37.2890833","-095.9103166",5242.28976366000,877954.57805000001
G20021350,"20","21350","02394693","2021350",Englewood,Englewood city,"25",C1,N,N,G4110,A,2921974.00000000000,0.00000000000,"+37.0404488","-099.9876162",7463.75597195000,2921971.64445000002
G20021500,"20","21500","02394698","2021500",Erie,Erie city,"25",C1,N,N,G4110,A,3283673.00000000000,0.00000000000,"+37.5716610","-095.2417911",10900.99559780000,3283672.83887000009
G20021650,"20","21650","02394701","2021650",Eskridge,Eskridge city,"25",C1,N,N,G4110,A,1340066.00000000000,612.00000000000,"+38.8595085","-096.1052616",5499.42329332000,1340674.55307999998
G20021800,"20","21800","00485572","2021800",Eureka,Eureka city,"25",C5,N,N,G4110,A,5930952.00000000000,0.00000000000,"+37.8260468","-096.2890005",20661.13265360000,5930961.78153999988
G20022425,"20","22425","02394736","2022425",Fairview,Fairview city,"25",C1,N,N,G4110,A,888211.00000000000,0.00000000000,"+39.8395793","-095.7281011",5814.53002727000,888211.99282599997
G20022775,"20","22775","02394739","2022775",Fall River,Fall River city,"25",C1,N,N,G4110,A,570162.00000000000,0.00000000000,"+37.6077717","-096.0285548",2984.24159319000,570163.87538600003
G20022900,"20","22900","02583499","2022900",Falun,Falun CDP,"57",U1,N,N,G4210,S,2871777.00000000000,0.00000000000,"+38.6744490","-097.7511446",7004.41055330000,2871779.17943000002
G20023600,"20","23600","00485574","2023600",Florence,Florence city,"25",C5,N,N,G4110,A,1984664.00000000000,4157.00000000000,"+38.2430748","-096.9291548",8249.42845913000,1988820.09875999996
G20023725,"20","23725","02394785","2023725",Ford,Ford city,"25",C1,N,N,G4110,A,1096259.00000000000,0.00000000000,"+37.6366516","-099.7537784",4479.65877903000,1096257.61724000005
G20025150,"20","25150","02394843","2025150",Galesburg,Galesburg city,"25",C1,N,N,G4110,A,453954.00000000000,0.00000000000,"+37.4721239","-095.3563303",3339.19065534000,453953.94221200002
G20025975,"20","25975","02394865","2025975",Gas,Gas city,"25",C1,N,N,G4110,A,1863958.00000000000,1578.00000000000,"+37.9225701","-095.3449559",6977.41611965000,1865536.02047999995
G20026000,"20","26000","02394869","2026000",Gaylord,Gaylord city,"25",C1,N,N,G4110,A,660526.00000000000,0.00000000000,"+39.6462681","-098.8473106",4369.71064194000,660525.14343299996
G20026200,"20","26200","02394886","2026200",Geuda Springs,Geuda Springs city,"25",C1,N,N,G4110,A,891538.00000000000,0.00000000000,"+37.1114472","-097.1504469",6293.19688794000,891535.16297099995
G20026325,"20","26325","02394906","2026325",Glade,Glade city,"25",C1,N,N,G4110,A,693510.00000000000,0.00000000000,"+39.6837449","-099.3115573",4361.32923492000,693505.09652000002
G20026775,"20","26775","02394921","2026775",Goff,Goff city,"25",C1,N,N,G4110,A,532714.00000000000,0.00000000000,"+39.6641159","-095.9317618",4233.62067358000,532712.02879899996
G20028425,"20","28425","02394974","2028425",Green,Green city,"25",C1,N,N,G4110,A,505140.00000000000,0.00000000000,"+39.4301238","-096.9998958",4274.34182577000,505141.26465799997
G20028625,"20","28625","02394991","2028625",Greenleaf,Greenleaf city,"25",C1,N,N,G4110,A,1171690.00000000000,3832.00000000000,"+39.7267056","-096.9798272",6575.79478564000,1175517.95501999999
G20028850,"20","28850","02394250","2028850",Gridley,Gridley city,"25",C1,N,N,G4110,A,1108728.00000000000,159079.00000000000,"+38.1010498","-095.8815409",7533.70177049000,1267809.23537999997
G20029250,"20","29250","02394263","2029250",Gypsum,Gypsum city,"25",C1,N,N,G4110,A,968591.00000000000,0.00000000000,"+38.7057752","-097.4266231",4745.52233314000,968590.94706000003
G20029400,"20","29400","02394265","2029400",Haddam,Haddam city,"25",C1,N,N,G4110,A,887327.00000000000,0.00000000000,"+39.8552821","-097.3042616",6397.83455574000,887329.60877100006
G20029675,"20","29675","02394278","2029675",Hamilton,Hamilton city,"25",C1,N,N,G4110,A,809104.00000000000,0.00000000000,"+37.9805833","-096.1638364",4124.39163788000,809100.91461900005
G20029875,"20","29875","02394289","2029875",Hanover,Hanover city,"25",C1,N,N,G4110,A,1552307.00000000000,0.00000000000,"+39.8931699","-096.8750671",10664.22811370000,1552305.43840999994
G20030000,"20","30000","02394296","2030000",Hardtner,Hardtner city,"25",C1,N,N,G4110,A,712624.00000000000,0.00000000000,"+37.0144170","-098.6491781",3691.16101997000,712624.23686299997
G20030175,"20","30175","00485587","2030175",Harper,Harper city,"25",C5,N,N,G4110,A,4203447.00000000000,0.00000000000,"+37.2850723","-098.0275921",16417.41780130000,4203445.45760000031
G20030250,"20","30250","02629159","2030250",Harris,Harris CDP,"57",U1,N,N,G4210,S,917638.00000000000,23982.00000000000,"+38.3208364","-095.4474591",5017.16695147000,941622.57324099995
G20030475,"20","30475","02394308","2030475",Hartford,Hartford city,"25",C1,N,N,G4110,A,1025376.00000000000,0.00000000000,"+38.3083781","-095.9566494",5463.68740348000,1025372.15417999995
G20030575,"20","30575","02394319","2030575",Harveyville,Harveyville city,"25",C1,N,N,G4110,A,330187.00000000000,45.00000000000,"+38.7891166","-095.9625232",4354.01097293000,330230.76182700001
G20030775,"20","30775","02394327","2030775",Havensville,Havensville city,"25",C1,N,N,G4110,A,375616.00000000000,0.00000000000,"+39.5112281","-096.0763520",2965.64191459000,375613.13023800001
G20031150,"20","31150","02394340","2031150",Hazelton,Hazelton city,"25",C1,N,N,G4110,A,1535447.00000000000,0.00000000000,"+37.0894468","-098.4015411",5930.40556803000,1535444.46185000008
G20031200,"20","31200","02629160","2031200",Healy,Healy CDP,"57",U1,N,N,G4210,S,8961989.00000000000,0.00000000000,"+38.6030416","-100.6175901",14535.16707630000,8961992.36071000062
G20031375,"20","31375","02394357","2031375",Hepler,Hepler city,"25",C1,N,N,G4110,A,2587914.00000000000,21813.00000000000,"+37.6633983","-094.9699674",6455.40799737000,2609721.60951999994
G20032175,"20","32175","02394380","2032175",Hill City,Hill City city,"25",C1,N,N,G4110,A,2599815.00000000000,0.00000000000,"+39.3670666","-099.8460410",9633.67758076000,2599814.84781000018
G20032275,"20","32275","00485592","2032275",Hillsboro,Hillsboro city,"25",C5,N,N,G4110,A,6318994.00000000000,36527.00000000000,"+38.3526521","-097.1995722",19216.25353460000,6355522.88081000093
G20032825,"20","32825","00485594","2032825",Holton,Holton city,"25",C5,N,N,G4110,A,6930795.00000000000,215243.00000000000,"+39.4698613","-095.7325554",23093.96011790000,7146034.46557000093
G20032850,"20","32850","02394411","2032850",Holyrood,Holyrood city,"25",C1,N,N,G4110,A,1114133.00000000000,17701.00000000000,"+38.5872338","-098.4118038",6334.23434768000,1131838.28658999992
G20033200,"20","33200","00485595","2033200",Horton,Horton city,"25",C5,N,N,G4110,A,4590989.00000000000,38501.00000000000,"+39.6637912","-095.5325322",19038.96762570000,4629491.02560000028
G20033250,"20","33250","02394429","2033250",Howard,Howard city,"25",C1,N,N,G4110,A,1825427.00000000000,0.00000000000,"+37.4694336","-096.2630428",6723.34980819000,1825419.98985000001
G20033350,"20","33350","02394432","2033350",Hoxie,Hoxie city,"25",C1,N,N,G4110,A,2226992.00000000000,0.00000000000,"+39.3558279","-100.4398444",10715.25498390000,2226998.71052000020
G20033375,"20","33375","02394433","2033375",Hoyt,Hoyt city,"25",C1,N,N,G4110,A,1215390.00000000000,0.00000000000,"+39.2493585","-095.7079210",7522.46500432000,1215389.75750999991
G20033400,"20","33400","02394439","2033400",Hudson,Hudson city,"25",C1,N,N,G4110,A,323371.00000000000,0.00000000000,"+38.1048776","-098.6606854",2940.87180663000,323371.87115000002
G20033700,"20","33700","02806500","2033700",Idana,Idana CDP,"57",U1,N,N,G4210,S,875394.00000000000,790.00000000000,"+39.3615208","-097.2664085",5252.15194172000,876184.74374199996
G20034300,"20","34300","00485599","2034300",Iola,Iola city,"25",C5,N,N,G4110,A,11564992.00000000000,706476.00000000000,"+37.9274265","-095.4006687",30623.90646780000,12271469.96409999952
G20034625,"20","34625","02395445","2034625",Iuka,Iuka city,"25",C1,N,N,G4110,A,1701140.00000000000,0.00000000000,"+37.7290059","-098.7327175",7173.58493256000,1701140.99294000003
G20034975,"20","34975","02395454","2034975",Jamestown,Jamestown city,"25",C1,N,N,G4110,A,758842.00000000000,0.00000000000,"+39.5995477","-097.8612553",3850.90727309000,758840.00460400002
G20035475,"20","35475","02395470","2035475",Jewell,Jewell city,"25",C1,N,N,G4110,A,1063913.00000000000,0.00000000000,"+39.6715510","-098.1524078",4516.89965622000,1063910.71836999990
G20036200,"20","36200","02804656","2036200",Keats,Keats CDP,"57",U1,N,N,G4210,S,1193103.00000000000,0.00000000000,"+39.2167820","-096.7074170",6844.16147815000,1193103.47063999996
G20036375,"20","36375","02804516","2036375",Kelly,Kelly CDP,"57",U1,N,N,G4210,S,623866.00000000000,0.00000000000,"+39.7368440","-096.0007234",3491.99024748000,623867.56127700000
G20036875,"20","36875","02395535","2036875",Kincaid,Kincaid city,"25",C1,N,N,G4110,A,1295154.00000000000,2166.00000000000,"+38.0807319","-095.1561571",4877.86307546000,1297319.51433999999
G20037125,"20","37125","02395545","2037125",Kiowa,Kiowa city,"25",C1,N,N,G4110,A,2870460.00000000000,0.00000000000,"+37.0174052","-098.4848186",8840.74644763000,2870469.47054000013
G20037200,"20","37200","02583506","2037200",Kipp,Kipp CDP,"57",U1,N,N,G4210,S,2087382.00000000000,0.00000000000,"+38.7849896","-097.4568219",7032.35179335000,2087383.29561999999
G20037275,"20","37275","02395551","2037275",Kirwin,Kirwin city,"25",C1,N,N,G4110,A,2369943.00000000000,0.00000000000,"+39.6698073","-099.1217497",6070.79861331000,2369939.38201999990
G20037375,"20","37375","02395576","2037375",Labette,Labette city,"25",C1,N,N,G4110,A,579299.00000000000,0.00000000000,"+37.2300153","-095.1835500",4471.20653420000,579299.12446500000
G20037675,"20","37675","02804545","2037675",Lafontaine,Lafontaine CDP,"57",U1,N,N,G4210,S,5169255.00000000000,3362.00000000000,"+37.3998389","-095.8424076",9667.24323697000,5172617.54614000022
G20037725,"20","37725","00485604","2037725",La Harpe,La Harpe city,"25",C5,N,N,G4110,A,2063067.00000000000,3638.00000000000,"+37.9164459","-095.3030498",6941.50812978000,2066706.80792999989
G20037875,"20","37875","02804478","2037875",Lake City,Lake City CDP,"57",U1,N,N,G4210,S,6227486.00000000000,0.00000000000,"+37.3569569","-098.8278645",11666.77180730000,6227488.09616000019
G20038775,"20","38775","02395638","2038775",Latham,Latham city,"25",C1,N,N,G4110,A,562477.00000000000,0.00000000000,"+37.5355874","-096.6425292",4396.97588635000,562477.72118700005
G20039225,"20","39225","02395672","2039225",Lehigh,Lehigh city,"25",C1,N,N,G4110,A,834723.00000000000,0.00000000000,"+38.3744071","-097.3024105",4076.78970228000,834722.78062500001
G20039400,"20","39400","02395677","2039400",Lenora,Lenora city,"25",C1,N,N,G4110,A,1247281.00000000000,0.00000000000,"+39.6108678","-100.0014059",7261.19474528000,1247283.12033000006
G20039450,"20","39450","02395679","2039450",Leon,Leon city,"25",C1,N,N,G4110,A,1893878.00000000000,0.00000000000,"+37.6898191","-096.7837318",11248.99793160000,1893880.93363999994
G20039500,"20","39500","02395682","2039500",Leonardville,Leonardville city,"25",C1,N,N,G4110,A,756715.00000000000,0.00000000000,"+39.3640840","-096.8596789",4905.49227105000,756711.12322399998
G20039650,"20","39650","02395685","2039650",LeRoy,LeRoy city,"25",C1,N,N,G4110,A,2132894.00000000000,12722.00000000000,"+38.0859565","-095.6329705",7350.82812545000,2145618.41922000004
G20041375,"20","41375","00485614","2041375",Lindsborg,Lindsborg city,"25",C5,N,N,G4110,A,4748276.00000000000,42801.00000000000,"+38.5771418","-097.6740089",14842.45310590000,4791074.43960000016
G20041425,"20","41425","02395720","2041425",Linn,Linn city,"25",C1,N,N,G4110,A,878067.00000000000,0.00000000000,"+39.6792898","-097.0867936",5810.30830646000,878067.62352300005
G20041575,"20","41575","02395735","2041575",Little River,Little River city,"25",C1,N,N,G4110,A,1010157.00000000000,0.00000000000,"+38.3982136","-098.0149470",6383.88788339000,1010152.82917000004
G20042100,"20","42100","02395745","2042100",Logan,Logan city,"25",C1,N,N,G4110,A,3885814.00000000000,0.00000000000,"+39.6616559","-099.5672816",8049.23177443000,3885817.06002000021
G20042425,"20","42425","02395749","2042425",Lone Elm,Lone Elm city,"25",C1,N,N,G4110,A,175328.00000000000,0.00000000000,"+38.0796281","-095.2430560",1767.53262045000,175326.86610700001
G20042800,"20","42800","02395766","2042800",Lorraine,Lorraine city,"25",C1,N,N,G4110,A,654042.00000000000,0.00000000000,"+38.5690488","-098.3173309",3243.10316447000,654043.42657400004
G20043150,"20","43150","02395784","2043150",Lucas,Lucas city,"25",C1,N,N,G4110,A,1575713.00000000000,0.00000000000,"+39.0586529","-098.5377081",9329.82584353000,1575715.54784999997
G20043250,"20","43250","02395785","2043250",Luray,Luray city,"25",C1,N,N,G4110,A,860014.00000000000,0.00000000000,"+39.1149888","-098.6921506",5909.65994400000,860013.09885900002
G20043350,"20","43350","02395792","2043350",Lyndon,Lyndon city,"25",C1,N,N,G4110,A,2310586.00000000000,0.00000000000,"+38.6119075","-095.6844244",11179.95054350000,2310590.83664999995
G20043725,"20","43725","02395063","2043725",McCune,McCune city,"25",C1,N,N,G4110,A,822647.00000000000,0.00000000000,"+37.3538039","-095.0192033",5387.88192091000,822643.57842899999
G20043775,"20","43775","02395066","2043775",McFarland,McFarland city,"25",C1,N,N,G4110,A,459808.00000000000,20566.00000000000,"+39.0546911","-096.2379830",3044.89366989000,480373.06850599998
G20043900,"20","43900","02395075","2043900",McLouth,McLouth city,"25",C1,N,N,G4110,A,1492067.00000000000,11801.00000000000,"+39.1964391","-095.2086138",7850.36476686000,1503865.46710000001
G20044050,"20","44050","02395809","2044050",Madison,Madison city,"25",C1,N,N,G4110,A,1512457.00000000000,0.00000000000,"+38.1335581","-096.1371802",8451.61412122000,1512452.55065999995
G20044150,"20","44150","02395816","2044150",Mahaska,Mahaska city,"25",C1,N,N,G4110,A,576475.00000000000,0.00000000000,"+39.9872691","-097.3536095",4146.42088275000,576477.07963900000
G20044225,"20","44225","02395828","2044225",Manchester,Manchester city,"25",C1,N,N,G4110,A,415371.00000000000,0.00000000000,"+39.0933132","-097.3201559",3014.15038882000,415372.00533600000
G20044300,"20","44300","02395832","2044300",Mankato,Mankato city,"25",C1,N,N,G4110,A,2525562.00000000000,454.00000000000,"+39.7873391","-098.2082669",9944.63587027000,2526016.11966999993
G20044550,"20","44550","02395844","2044550",Mapleton,Mapleton city,"25",C1,N,N,G4110,A,1284557.00000000000,12950.00000000000,"+38.0156927","-094.8840812",4843.93527504000,1297506.56253000000
G20044750,"20","44750","00485619","2044750",Marion,Marion city,"25",C5,N,N,G4110,A,7144445.00000000000,19800.00000000000,"+38.3533147","-097.0077771",25816.25211990000,7164243.60424000025
G20044925,"20","44925","02395018","2044925",Marquette,Marquette city,"25",C1,N,N,G4110,A,1248402.00000000000,4213.00000000000,"+38.5558440","-097.8344284",13284.01593830000,1252615.00644999999
G20045250,"20","45250","02395050","2045250",Mayetta,Mayetta city,"25",C1,N,N,G4110,A,437483.00000000000,0.00000000000,"+39.3385981","-095.7214727",3177.87572914000,437483.89695899998
G20045750,"20","45750","02395099","2045750",Menlo,Menlo city,"25",C1,N,N,G4110,A,302225.00000000000,0.00000000000,"+39.3561062","-100.7242498",2215.84560553000,302228.71736100002
G20045875,"20","45875","02806526","2045875",Mentor,Mentor CDP,"57",U1,N,N,G4210,S,1002199.00000000000,0.00000000000,"+38.7406653","-097.5979247",4689.96663664000,1002199.87714999996
G20045950,"20","45950","02395102","2045950",Meriden,Meriden city,"25",C1,N,N,G4110,A,1958565.00000000000,24269.00000000000,"+39.1895121","-095.5681272",11888.20923180000,1982836.55218000012
G20046925,"20","46925","02629165","2046925",Milton,Milton CDP,"57",U1,N,N,G4210,S,11501075.00000000000,0.00000000000,"+37.4432109","-097.7693933",14576.99994050000,11501074.16049999930
G20048125,"20","48125","02395397","2048125",Moran,Moran city,"25",C1,N,N,G4110,A,1084733.00000000000,0.00000000000,"+37.9165422","-095.1714291",5283.94356396000,1084732.73564999993
G20048225,"20","48225","02395401","2048225",Morganville,Morganville city,"25",C1,N,N,G4110,A,876978.00000000000,11032.00000000000,"+39.4667154","-097.2036743",4812.39719016000,888008.51885200001
G20048275,"20","48275","02395402","2048275",Morland,Morland city,"25",C1,N,N,G4110,A,1238690.00000000000,0.00000000000,"+39.3489987","-100.0743517",6662.70083725000,1238689.41610000003
G20048450,"20","48450","02395413","2048450",Morrowville,Morrowville city,"25",C1,N,N,G4110,A,371591.00000000000,0.00000000000,"+39.8453027","-097.1727686",3132.63591740000,371590.34662000003
G20048750,"20","48750","02395114","2048750",Mound City,Mound City city,"25",C1,N,N,G4110,A,2993197.00000000000,517706.00000000000,"+38.1395318","-094.8212455",17908.38184810000,3510894.58568000002
G20048825,"20","48825","02395115","2048825",Mound Valley,Mound Valley city,"25",C1,N,N,G4110,A,1662974.00000000000,0.00000000000,"+37.2070185","-095.4047635",7889.37854059000,1662972.44654999999
G20049150,"20","49150","02395139","2049150",Munden,Munden city,"25",C1,N,N,G4110,A,481027.00000000000,0.00000000000,"+39.9126327","-097.5384505",3687.03229755000,481027.56019400002
G20049325,"20","49325","02395144","2049325",Muscotah,Muscotah city,"25",C1,N,N,G4110,A,863311.00000000000,0.00000000000,"+39.5535668","-095.5204187",3998.67555254000,863309.15611900005
G20049350,"20","49350","02395151","2049350",Narka,Narka city,"25",C1,N,N,G4110,A,414427.00000000000,0.00000000000,"+39.9597626","-097.4267294",3907.60717095000,414425.80554999999
G20049425,"20","49425","02395159","2049425",Natoma,Natoma city,"25",C1,N,N,G4110,A,1093498.00000000000,0.00000000000,"+39.1884855","-099.0241563",6271.58658623000,1093499.45436000009
G20049550,"20","49550","02804491","2049550",Neal,Neal CDP,"57",U1,N,N,G4210,S,519920.00000000000,0.00000000000,"+37.8337530","-096.0808483",3426.21083798000,519920.91117600002
G20049825,"20","49825","02395173","2049825",Neosho Falls,Neosho Falls city,"25",C1,N,N,G4110,A,1311906.00000000000,64324.00000000000,"+38.0060088","-095.5552890",5311.36811913000,1376226.48811000003
G20049950,"20","49950","02395177","2049950",Netawaka,Netawaka city,"25",C1,N,N,G4110,A,2507574.00000000000,0.00000000000,"+39.6029673","-095.7189087",6998.87790020000,2507575.43557000021
G20050150,"20","50150","02395182","2050150",New Albany,New Albany city,"25",C1,N,N,G4110,A,478765.00000000000,0.00000000000,"+37.5678220","-095.9362881",4016.59917339000,478765.24212399998
G20050750,"20","50750","02395237","2050750",Niotaze,Niotaze city,"25",C1,N,N,G4110,A,959461.00000000000,4767.00000000000,"+37.0673465","-096.0144690",4633.77383632000,964228.56814100000
G20050925,"20","50925","02395246","2050925",Norcatur,Norcatur city,"25",C1,N,N,G4110,A,2578463.00000000000,0.00000000000,"+39.8347528","-100.1888042",6475.83630471000,2578461.48247000016
G20051525,"20","51525","02395272","2051525",Nortonville,Nortonville city,"25",C1,N,N,G4110,A,1117384.00000000000,32276.00000000000,"+39.4154188","-095.3300418",6202.64168092000,1149660.93836000003
G20051600,"20","51600","02395275","2051600",Norwich,Norwich city,"25",C1,N,N,G4110,A,1040495.00000000000,0.00000000000,"+37.4572424","-097.8479164",4726.17806760000,1040494.67975000001
G20052000,"20","52000","00485632","2052000",Oberlin,Oberlin city,"25",C5,N,N,G4110,A,4946631.00000000000,0.00000000000,"+39.8230396","-100.5307374",11359.24722360000,4946633.60405000020
G20052525,"20","52525","02395312","2052525",Oketo,Oketo city,"25",C1,N,N,G4110,A,265940.00000000000,0.00000000000,"+39.9632304","-096.5989506",2468.98908361000,265939.94129599998
G20052800,"20","52800","02396061","2052800",Olpe,Olpe city,"25",C1,N,N,G4110,A,1817669.00000000000,327311.00000000000,"+38.2647375","-096.1650715",13238.85876070000,2144978.11332000000
G20052825,"20","52825","02396062","2052825",Olsburg,Olsburg city,"25",C1,N,N,G4110,A,627102.00000000000,472.00000000000,"+39.4320946","-096.6159593",5704.24738835000,627574.63712199999
G20053375,"20","53375","02396095","2053375",Oskaloosa,Oskaloosa city,"25",C1,N,N,G4110,A,2573882.00000000000,13242.00000000000,"+39.2159883","-095.3147127",8458.88039031000,2587124.03489999985
G20053725,"20","53725","02396111","2053725",Overbrook,Overbrook city,"25",C1,N,N,G4110,A,1409058.00000000000,0.00000000000,"+38.7793674","-095.5569673",6335.88702438000,1409056.72693999996
G20053850,"20","53850","02396118","2053850",Oxford,Oxford city,"25",C1,N,N,G4110,A,2346904.00000000000,2198.00000000000,"+37.2737039","-097.1693488",7696.11058496000,2349099.29665999999
G20053925,"20","53925","02396122","2053925",Ozawkie,Ozawkie city,"25",C1,N,N,G4110,A,768506.00000000000,0.00000000000,"+39.2353328","-095.4658369",5845.59874127000,768506.54348200001
G20054125,"20","54125","02396127","2054125",Palco,Palco city,"25",C1,N,N,G4110,A,694919.00000000000,0.00000000000,"+39.2532095","-099.5635406",3835.82100078000,694919.52957500005
G20054200,"20","54200","02396130","2054200",Palmer,Palmer city,"25",C1,N,N,G4110,A,799808.00000000000,6130.00000000000,"+39.6328754","-097.1403768",4693.12733232000,805938.48302199994
G20054325,"20","54325","02396140","2054325",Paradise,Paradise city,"25",C1,N,N,G4110,A,638818.00000000000,0.00000000000,"+39.1145254","-098.9184437",3219.96335846000,638818.59233599994
G20054575,"20","54575","02396153","2054575",Parkerville,Parkerville city,"25",C1,N,N,G4110,A,332389.00000000000,788.00000000000,"+38.7633153","-096.6609200",2632.69595726000,333176.14850700001
G20055175,"20","55175","02804535","2055175",Peck,Peck CDP,"57",U1,N,N,G4210,S,916067.00000000000,0.00000000000,"+37.4777242","-097.3694797",5443.46307707000,916068.59478000004
G20055225,"20","55225","02396176","2055225",Penalosa,Penalosa city,"25",C1,N,N,G4110,A,266192.00000000000,0.00000000000,"+37.7156502","-098.3202477",2367.07150194000,266191.44007600000
G20055525,"20","55525","02396190","2055525",Peru,Peru city,"25",C1,N,N,G4110,A,838203.00000000000,0.00000000000,"+37.0803300","-096.0961381",5971.52358989000,838201.91469999996
G20055750,"20","55750","02804490","2055750",Piedmont,Piedmont CDP,"57",U1,N,N,G4210,S,9594417.00000000000,12673.00000000000,"+37.6152910","-096.3792849",15906.17769000000,9607093.02630000003
G20056000,"20","56000","02629168","2056000",Piqua,Piqua CDP,"57",U1,N,N,G4210,S,10277729.00000000000,102043.00000000000,"+37.9217036","-095.5376822",12881.45626820000,10379772.51730000041
G20056150,"20","56150","02396222","2056150",Plainville,Plainville city,"25",C1,N,N,G4110,A,3098496.00000000000,0.00000000000,"+39.2341092","-099.3008504",13129.04256470000,3098491.53562000021
G20057100,"20","57100","02396258","2057100",Portis,Portis city,"25",C1,N,N,G4110,A,677036.00000000000,0.00000000000,"+39.5637433","-098.6915822",3845.82154711000,677035.68637799995
G20057300,"20","57300","02396263","2057300",Potwin,Potwin city,"25",C1,N,N,G4110,A,607769.00000000000,0.00000000000,"+37.9386238","-097.0183499",4140.67629226000,607765.85870999994
G20057350,"20","57350","02396265","2057350",Powhattan,Powhattan city,"25",C1,N,N,G4110,A,353695.00000000000,0.00000000000,"+39.7617344","-095.6340106",2708.79839283000,353694.33780300000
G20057675,"20","57675","02396274","2057675",Preston,Preston city,"25",C1,N,N,G4110,A,1127244.00000000000,0.00000000000,"+37.7584453","-098.5577867",4391.77086956000,1127243.24805999990
G20057700,"20","57700","02396275","2057700",Pretty Prairie,Pretty Prairie city,"25",C1,N,N,G4110,A,1491783.00000000000,0.00000000000,"+37.7800631","-098.0224824",9169.21653781000,1491781.99857000005
G20057725,"20","57725","02396282","2057725",Princeton,Princeton city,"25",C1,N,N,G4110,A,1008195.00000000000,9095.00000000000,"+38.4862391","-095.2700916",5423.22298589000,1017290.56411000004
G20057850,"20","57850","02396289","2057850",Protection,Protection city,"25",C1,N,N,G4110,A,2400886.00000000000,0.00000000000,"+37.2003912","-099.4807745",7548.64777621000,2400887.00035999995
G20058300,"20","58300","02396306","2058300",Radium,Radium city,"25",C1,N,N,G4110,A,107153.00000000000,0.00000000000,"+38.1738117","-098.8944753",1930.90196526000,107151.61339600000
G20058450,"20","58450","02396315","2058450",Randall,Randall city,"25",C1,N,N,G4110,A,450125.00000000000,0.00000000000,"+39.6416131","-098.0455715",3254.94936422000,450127.04951799999
G20058500,"20","58500","02396321","2058500",Ransom,Ransom city,"25",C1,N,N,G4110,A,908974.00000000000,0.00000000000,"+38.6365246","-099.9327235",4449.94302952000,908971.56834700005
G20058725,"20","58725","02396341","2058725",Redfield,Redfield city,"25",C1,N,N,G4110,A,374453.00000000000,0.00000000000,"+37.8365557","-094.8819870",2490.95661099000,374453.55250500003
G20059675,"20","59675","02396369","2059675",Richmond,Richmond city,"25",C1,N,N,G4110,A,883765.00000000000,0.00000000000,"+38.4003331","-095.2519490",6333.70408996000,883765.14530099998
G20059875,"20","59875","02396376","2059875",Riley,Riley city,"25",C1,N,N,G4110,A,1256286.00000000000,0.00000000000,"+39.2989676","-096.8275784",6968.92824928000,1256282.89828000008
G20060325,"20","60325","02396391","2060325",Robinson,Robinson city,"25",C1,N,N,G4110,A,592918.00000000000,0.00000000000,"+39.8155385","-095.4115824",5784.17157843000,592916.99864200002
G20061100,"20","61100","02629173","2061100",Rosalia,Rosalia CDP,"57",U1,N,N,G4210,S,3290913.00000000000,0.00000000000,"+37.8158473","-096.6250017",7328.21167281000,3290914.08509999979
G20062175,"20","62175","02396488","2062175",St. Francis,St. Francis city,"25",C1,N,N,G4110,A,2218591.00000000000,0.00000000000,"+39.7714790","-101.8014280",6389.13244916000,2218584.42138999980
G20062500,"20","62500","02396514","2062500",St. Paul,St. Paul city,"25",C1,N,N,G4110,A,3019838.00000000000,0.00000000000,"+37.5185586","-095.1741832",11599.90339800000,3019836.10295999981
G20063750,"20","63750","02396569","2063750",Sedan,Sedan city,"25",C1,N,N,G4110,A,2126274.00000000000,1281.00000000000,"+37.1284565","-096.1848251",8782.20383128000,2127552.65377000021
G20064050,"20","64050","02396578","2064050",Severy,Severy city,"25",C1,N,N,G4110,A,1268949.00000000000,0.00000000000,"+37.6219551","-096.2275248",6096.38780352000,1268949.95362000004
G20064100,"20","64100","02396579","2064100",Seward,Seward city,"25",C1,N,N,G4110,A,665174.00000000000,0.00000000000,"+38.1778281","-098.7942812",3257.72522411000,665173.32519899996
G20065550,"20","65550","02804660","2065550",Silverdale,Silverdale CDP,"57",U1,N,N,G4210,S,2689269.00000000000,0.00000000000,"+37.0423937","-096.9017493",7961.32153905000,2689269.24983000010
G20066100,"20","66100","02395904","2066100",Smolan,Smolan city,"25",C1,N,N,G4110,A,286683.00000000000,0.00000000000,"+38.7381156","-097.6843522",2445.64102166000,286682.57189700002
G20066175,"20","66175","02395907","2066175",Soldier,Soldier city,"25",C1,N,N,G4110,A,382017.00000000000,0.00000000000,"+39.5372274","-095.9655842",3193.19193700000,382018.10291800002
G20066650,"20","66650","02395916","2066650",South Haven,South Haven city,"25",C1,N,N,G4110,A,2587867.00000000000,0.00000000000,"+37.0494951","-097.4012640",6433.01497915000,2587867.75120999990
G20066800,"20","66800","02806563","2066800",South Mound,South Mound CDP,"57",U1,N,N,G4210,S,2571563.00000000000,37091.00000000000,"+37.4360275","-095.2198533",6459.43820647000,2608652.31877999986
G20067175,"20","67175","02395924","2067175",Speed,Speed city,"25",C1,N,N,G4110,A,386619.00000000000,0.00000000000,"+39.6763250","-099.4209905",3263.62879377000,386617.85973199998
G20068350,"20","68350","02395974","2068350",Stockton,Stockton city,"25",C1,N,N,G4110,A,4286828.00000000000,0.00000000000,"+39.4251240","-099.2763991",17006.93361720000,4286828.98677000031
G20068950,"20","68950","02396000","2068950",Summerfield,Summerfield city,"25",C1,N,N,G4110,A,892405.00000000000,0.00000000000,"+39.9968701","-096.3492932",4785.66663422000,892404.53457200003
G20069275,"20","69275","02396004","2069275",Sun City,Sun City city,"25",C1,N,N,G4110,A,378183.00000000000,0.00000000000,"+37.3785183","-098.9168130",3813.45858384000,378182.05452900002
G20069775,"20","69775","02396019","2069775",Sylvan Grove,Sylvan Grove city,"25",C1,N,N,G4110,A,997834.00000000000,0.00000000000,"+39.0122908","-098.3943688",5116.12775297000,997836.13170499995
G20070250,"20","70250","02396044","2070250",Tescott,Tescott city,"25",C1,N,N,G4110,A,999196.00000000000,0.00000000000,"+39.0129699","-097.8782855",6060.01864789000,999193.45574600005
G20070800,"20","70800","02397035","2070800",Tonganoxie,Tonganoxie city,"25",C1,N,N,G4110,A,10503335.00000000000,95757.00000000000,"+39.1078897","-095.0790897",33394.11630030000,10599093.52700000070
G20071050,"20","71050","02397039","2071050",Toronto,Toronto city,"25",C1,N,N,G4110,A,941516.00000000000,0.00000000000,"+37.7985251","-095.9497517",5127.25277821000,941518.05220499996
G20071800,"20","71800","02397069","2071800",Turon,Turon city,"25",C1,N,N,G4110,A,1152573.00000000000,0.00000000000,"+37.8075370","-098.4277502",4910.35226287000,1152573.56514000008
G20071925,"20","71925","02397076","2071925",Tyro,Tyro city,"25",C1,N,N,G4110,A,1182926.00000000000,5450.00000000000,"+37.0385691","-095.8242774",4834.88449023000,1188374.51554999989
G20072525,"20","72525","02397088","2072525",Uniontown,Uniontown city,"25",C1,N,N,G4110,A,545823.00000000000,0.00000000000,"+37.8471984","-094.9756882",4269.93077201000,545822.88284199999
G20072600,"20","72600","02806576","2072600",Urbana,Urbana CDP,"57",U1,N,N,G4210,S,4415274.00000000000,0.00000000000,"+37.5579592","-095.3998577",10980.39585660000,4415273.63406999968
G20072650,"20","72650","02397105","2072650",Utica,Utica city,"25",C1,N,N,G4110,A,631714.00000000000,0.00000000000,"+38.6427046","-100.1697665",3259.26656246000,631714.90095399995
G20073300,"20","73300","02397112","2073300",Valley Falls,Valley Falls city,"25",C1,N,N,G4110,A,1822092.00000000000,14956.00000000000,"+39.3393288","-095.4611976",10084.61878420000,1837051.78575000004
G20073450,"20","73450","02629180","2073450",Vassar,Vassar CDP,"57",U1,N,N,G4210,S,12591310.00000000000,16481.00000000000,"+38.6485968","-095.6100106",19545.25223640000,12607790.19030000083
G20073525,"20","73525","02397128","2073525",Vermillion,Vermillion city,"25",C1,N,N,G4110,A,538678.00000000000,21202.00000000000,"+39.7188583","-096.2650656",5697.19754475000,559879.51178800000
G20073950,"20","73950","02397147","2073950",Vining,Vining city,"25",C1,N,N,G4110,A,553959.00000000000,0.00000000000,"+39.5673187","-097.2936134",2990.85656110000,553960.05154799996
G20074025,"20","74025","02397149","2074025",Viola,Viola city,"25",C1,N,N,G4110,A,425880.00000000000,0.00000000000,"+37.4828548","-097.6443933",3676.82246917000,425879.36599999998
G20074075,"20","74075","02397151","2074075",Virgil,Virgil city,"25",C1,N,N,G4110,A,1449791.00000000000,6044.00000000000,"+37.9804999","-096.0112087",4819.84437369000,1455833.23971000011
G20074225,"20","74225","02804543","2074225",Wabaunsee,Wabaunsee CDP,"57",U1,N,N,G4210,S,3510059.00000000000,2451.00000000000,"+39.1436421","-096.3423091",11795.84671300000,3512511.42858000007
G20074525,"20","74525","02397167","2074525",Wakefield,Wakefield city,"25",C1,N,N,G4110,A,1286685.00000000000,0.00000000000,"+39.2163904","-097.0187787",7884.83531703000,1286682.99096999993
G20074575,"20","74575","02397170","2074575",Waldo,Waldo city,"25",C1,N,N,G4110,A,973899.00000000000,0.00000000000,"+39.1200256","-098.7983251",4041.33961582000,973900.61431199999
G20074625,"20","74625","02397172","2074625",Waldron,Waldron city,"25",C1,N,N,G4110,A,806086.00000000000,0.00000000000,"+37.0017531","-098.1825455",3901.52760415000,806085.41286499996
G20074950,"20","74950","02397181","2074950",Walnut,Walnut city,"25",C1,N,N,G4110,A,3817168.00000000000,41133.00000000000,"+37.6036280","-095.0741380",7985.47204324000,3858302.04694999987
G20075825,"20","75825","00485656","2075825",Washington,Washington city,"25",C5,N,N,G4110,A,2517401.00000000000,97267.00000000000,"+39.8157976","-097.0484223",15146.28813790000,2614670.20257000020
G20075950,"20","75950","02397214","2075950",Waterville,Waterville city,"25",C1,N,N,G4110,A,1273472.00000000000,37096.00000000000,"+39.6917378","-096.7467742",8571.18335463000,1310572.66821000003
G20076050,"20","76050","02397228","2076050",Waverly,Waverly city,"25",C1,N,N,G4110,A,1896961.00000000000,19624.00000000000,"+38.3958086","-095.6050824",8070.11518934000,1916582.47245000000
G20076425,"20","76425","02629185","2076425",Welda,Welda CDP,"57",U1,N,N,G4210,S,2400590.00000000000,19190.00000000000,"+38.1721772","-095.2916428",7252.94515480000,2419781.98127999995
G20076550,"20","76550","02804518","2076550",Wells,Wells CDP,"57",U1,N,N,G4210,S,3616533.00000000000,0.00000000000,"+39.1390858","-097.5511832",8192.52936415000,3616532.95626999997
G20077150,"20","77150","02397270","2077150",West Mineral,West Mineral city,"25",C1,N,N,G4110,A,871969.00000000000,0.00000000000,"+37.2839056","-094.9268011",7006.41987062000,871967.20530599996
G20077200,"20","77200","02397281","2077200",Westmoreland,Westmoreland city,"25",C1,N,N,G4110,A,1274406.00000000000,0.00000000000,"+39.3941602","-096.4136702",6279.99675586000,1274405.44818999991
G20077550,"20","77550","02397289","2077550",Wetmore,Wetmore city,"25",C1,N,N,G4110,A,1001112.00000000000,0.00000000000,"+39.6355795","-095.8113777",4855.78292925000,1001110.92139999999
G20077700,"20","77700","02397297","2077700",Wheaton,Wheaton city,"25",C1,N,N,G4110,A,398973.00000000000,917.00000000000,"+39.5022052","-096.3185744",2631.48757662000,399890.77960200002
G20078050,"20","78050","02397303","2078050",Whitewater,Whitewater city,"25",C1,N,N,G4110,A,1064030.00000000000,0.00000000000,"+37.9635600","-097.1460278",6134.64244823000,1064030.81777000008
G20078100,"20","78100","02397306","2078100",Whiting,Whiting city,"25",C1,N,N,G4110,A,2607551.00000000000,0.00000000000,"+39.5878739","-095.6112004",7023.07004842000,2607549.66133000003
G20079300,"20","79300","02397319","2079300",Williamsburg,Williamsburg city,"25",C1,N,N,G4110,A,2530399.00000000000,26298.00000000000,"+38.4810560","-095.4675015",10256.42189460000,2556696.27869000006
G20079550,"20","79550","02397330","2079550",Wilmore,Wilmore city,"25",C1,N,N,G4110,A,458646.00000000000,0.00000000000,"+37.3350358","-099.2101972",3978.22213108000,458650.28226800001
G20079650,"20","79650","02397331","2079650",Wilsey,Wilsey city,"25",C1,N,N,G4110,A,699465.00000000000,0.00000000000,"+38.6357178","-096.6764547",3554.87049367000,699465.59456000000
G20079800,"20","79800","02397338","2079800",Winchester,Winchester city,"25",C1,N,N,G4110,A,904449.00000000000,26951.00000000000,"+39.3227196","-095.2691598",4821.23415341000,931398.58985999995
G20079850,"20","79850","02397340","2079850",Windom,Windom city,"25",C1,N,N,G4110,A,521540.00000000000,0.00000000000,"+38.3841335","-097.9101651",2893.76578651000,521539.25307999999
G20080350,"20","80350","02397366","2080350",Woodbine,Woodbine city,"25",C1,N,N,G4110,A,411476.00000000000,0.00000000000,"+38.7956017","-096.9593067",3007.46556765000,411473.10239299998
G20080450,"20","80450","02397374","2080450",Woodston,Woodston city,"25",C1,N,N,G4110,A,553182.00000000000,0.00000000000,"+39.4538846","-099.0983069",3700.19380195000,553181.81069700001
G20080700,"20","80700","00485664","2080700",Yates Center,Yates Center city,"25",C5,N,N,G4110,A,6548432.00000000000,1121382.00000000000,"+37.8674841","-095.7548099",22918.19614260000,7669807.16148000024
G20080875,"20","80875","02804661","2080875",Zeandale,Zeandale CDP,"57",U1,N,N,G4210,S,3529508.00000000000,0.00000000000,"+39.1627913","-096.4278934",9454.03182443000,3529509.09542000014
G20081025,"20","81025","02397404","2081025",Zurich,Zurich city,"25",C1,N,N,G4110,A,466723.00000000000,0.00000000000,"+39.2322647","-099.4347002",3598.44196844000,466720.83291200001
G30011995,"30","11995","02407949","3011995",Camp Three,Camp Three CDP,"57",U1,N,N,G4210,S,11536805.00000000000,0.00000000000,"+46.4533028","-108.5741129",24080.51487830000,11536806.11989999935
G30015550,"30","15550","02413217","3015550",Clyde Park,Clyde Park town,"43",C1,N,N,G4110,A,967259.00000000000,0.00000000000,"+45.8839439","-110.6057864",5456.28381364000,967258.18771700002
G30022130,"30","22130","02804317","3022130",Duncan Ranch Colony,Duncan Ranch Colony CDP,"57",U1,N,N,G4210,S,1567720.00000000000,0.00000000000,"+46.4418317","-110.0262664",6199.27505049000,1567720.91804999998
G30027700,"30","27700","02410523","3027700",Forsyth,Forsyth city,"25",C1,N,N,G4110,A,2982725.00000000000,46254.00000000000,"+46.2678820","-106.6725875",14019.89530330000,3028981.11993000004
G30034450,"30","34450","02410704","3034450",Harlowton,Harlowton city,"25",C1,N,N,G4110,A,1620580.00000000000,0.00000000000,"+46.4367760","-109.8351041",7194.36231124000,1620582.45292000007
G30040680,"30","40680","02806654","3040680",Kilby Butte Colony,Kilby Butte Colony CDP,"57",U1,N,N,G4210,S,281492.00000000000,0.00000000000,"+46.4762031","-108.3603750",3295.27498562000,281491.73003899999
G30041050,"30","41050","02408493","3041050",Klein,Klein CDP,"57",U1,N,N,G4210,S,33284354.00000000000,0.00000000000,"+46.3982608","-108.5525851",29631.58886960000,33284363.55779999867
G30042850,"30","42850","02412881","3042850",Lavina,Lavina town,"43",C1,N,N,G4110,A,2619000.00000000000,0.00000000000,"+46.2950150","-108.9388080",7682.20347219000,2619001.84225000022
G30048175,"30","48175","02583827","3048175",Martinsdale,Martinsdale CDP,"57",U1,N,N,G4210,S,2257802.00000000000,0.00000000000,"+46.4547415","-110.3119743",7182.85744752000,2257804.19377999986
G30048190,"30","48190","02804318","3048190",Martinsdale Colony,Martinsdale Colony CDP,"57",U1,N,N,G4210,S,5758717.00000000000,0.00000000000,"+46.4895935","-110.2605050",19539.18409920000,5758715.40039000008
G30049000,"30","49000","02412981","3049000",Melstone,Melstone town,"43",C1,N,N,G4110,A,1592391.00000000000,0.00000000000,"+46.5986957","-107.8682552",6816.22435871000,1592393.79499999993
G30051550,"30","51550","02413011","3051550",Moore,Moore town,"43",C1,N,N,G4110,A,757569.00000000000,0.00000000000,"+46.9749559","-109.6951129",5397.03678460000,757571.01657500002
G30052600,"30","52600","02408895","3052600",Musselshell,Musselshell CDP,"57",U1,N,N,G4210,S,6608170.00000000000,0.00000000000,"+46.4941535","-108.0962925",20397.12092110000,6608171.44491000101
G30064525,"30","64525","02411006","3064525",Roundup,Roundup city,"25",C1,N,N,G4110,A,3349364.00000000000,571.00000000000,"+46.4483346","-108.5396872",9478.59422711000,3349937.28085000021
G30064975,"30","64975","02412589","3064975",Ryegate,Ryegate town,"43",C1,N,N,G4110,A,1952165.00000000000,0.00000000000,"+46.2984389","-109.2537472",6506.81205561000,1952158.83446999989
G30067225,"30","67225","02583845","3067225",Shawmut,Shawmut CDP,"57",U1,N,N,G4210,S,5559199.00000000000,0.00000000000,"+46.3446628","-109.5121524",18527.18788980000,5559201.20603000000
G30075700,"30","75700","02804320","3075700",Twodot,Twodot CDP,"57",U1,N,N,G4210,S,2124364.00000000000,0.00000000000,"+46.4222628","-110.0727186",10141.09716750000,2124362.83969999989
G30080875,"30","80875","02409602","3080875",Wilsall,Wilsall CDP,"57",U1,N,N,G4210,S,2897392.00000000000,0.00000000000,"+45.9843265","-110.6603950",9511.43985017000,2897390.88514999999
G40000300,"40","00300","02805301","4000300",Adams,Adams CDP,"57",U1,N,N,G4210,S,1306781.00000000000,0.00000000000,"+36.7545812","-101.0751637",4861.40339088000,1306781.42387000006
G40001350,"40","01350","02412348","4001350",Aline,Aline town,"43",C1,N,N,G4110,A,685251.00000000000,0.00000000000,"+36.5096704","-098.4486716",4052.98342904000,685251.83942900004
G40001800,"40","01800","02409690","4001800",Alva,Alva city,"25",C1,N,N,G4110,A,16329450.00000000000,0.00000000000,"+36.7895662","-098.6648768",29583.81492610000,16329459.34579999931
G40002000,"40","02000","02412362","4002000",Amorita,Amorita town,"43",C1,N,N,G4110,A,654359.00000000000,0.00000000000,"+36.9240116","-098.2936208",3233.57859167000,654358.46586999996
G40003900,"40","03900","02805303","4003900",Baker,Baker CDP,"57",U1,N,N,G4210,S,2575619.00000000000,0.00000000000,"+36.8704136","-101.0177123",6421.46064937000,2575617.43416000018
G40004750,"40","04750","02411674","4004750",Beaver,Beaver town,"43",C1,N,N,G4110,A,2974361.00000000000,0.00000000000,"+36.8150875","-100.5235431",8939.73187286000,2974351.40381000005
G40006100,"40","06100","02411691","4006100",Billings,Billings town,"43",C1,N,N,G4110,A,1743260.00000000000,0.00000000000,"+36.5375949","-097.4417494",24492.10176350000,1743260.41638000007
G40006200,"40","06200","02411692","4006200",Binger,Binger town,"43",C1,N,N,G4110,A,2012562.00000000000,0.00000000000,"+35.3097239","-098.3429360",10099.97278740000,2012560.34162000008
G40006600,"40","06600","02409858","4006600",Blackwell,Blackwell city,"25",C1,N,N,G4110,A,14439486.00000000000,17842.00000000000,"+36.8014725","-097.3001424",29738.82862330000,14457328.10060000047
G40008750,"40","08750","02409906","4008750",Bridgeport,Bridgeport city,"25",C1,N,N,G4110,A,1390779.00000000000,0.00000000000,"+35.5476217","-098.3774782",5097.06630853000,1390779.24540999997
G40009850,"40","09850","02411740","4009850",Buffalo,Buffalo town,"43",C1,N,N,G4110,A,2883126.00000000000,0.00000000000,"+36.8294119","-099.6376725",21686.84478800000,2883115.91524000000
G40009950,"40","09950","02411743","4009950",Burbank,Burbank town,"43",C1,N,N,G4110,A,860925.00000000000,11074.00000000000,"+36.6960851","-096.7281118",4750.42040160000,871999.27953900001
G40010050,"40","10050","02411744","4010050",Burlington,Burlington town,"43",C1,N,N,G4110,A,705909.00000000000,0.00000000000,"+36.9002127","-098.4234096",3966.18422677000,705908.10318900004
G40010450,"40","10450","02411749","4010450",Butler,Butler town,"43",C1,N,N,G4110,A,1102611.00000000000,0.00000000000,"+35.6364480","-099.1863767",4658.79314232000,1102610.22878000000
G40010650,"40","10650","02413145","4010650",Byron,Byron town,"43",C1,N,N,G4110,A,652649.00000000000,0.00000000000,"+36.9013818","-098.2944231",3996.59777643000,652651.11181000003
G40011150,"40","11150","02413152","4011150",Camargo,Camargo town,"43",C1,N,N,G4110,A,643675.00000000000,0.00000000000,"+36.0179016","-099.2884536",3205.44884812000,643674.73452599999
G40011600,"40","11600","02413160","4011600",Canton,Canton town,"43",C1,N,N,G4110,A,1355634.00000000000,0.00000000000,"+36.0550177","-098.5884034",6610.66390652000,1355634.06154999998
G40012000,"40","12000","02413170","4012000",Carmen,Carmen town,"43",C1,N,N,G4110,A,3946518.00000000000,0.00000000000,"+36.5791174","-098.4579022",8073.65767942000,3946514.12158000004
G40012050,"40","12050","02413171","4012050",Carnegie,Carnegie town,"43",C1,N,N,G4110,A,3451762.00000000000,0.00000000000,"+35.1027418","-098.5995869",25564.71398450000,3451760.28507999983
G40012300,"40","12300","02413175","4012300",Carter,Carter town,"43",C1,N,N,G4110,A,1377351.00000000000,0.00000000000,"+35.2169475","-099.5035764",6330.19863156000,1377349.35049999994
G40013750,"40","13750","02409442","4013750",Cherokee,Cherokee city,"25",C1,N,N,G4110,A,5279584.00000000000,0.00000000000,"+36.7506750","-098.3577258",14604.76667150000,5279587.95017000008
G40013900,"40","13900","02413196","4013900",Cheyenne,Cheyenne town,"43",C1,N,N,G4110,A,2558081.00000000000,0.00000000000,"+35.6109196","-099.6763714",17073.28747320000,2558084.35103000002
G40015300,"40","15300","02413213","4015300",Cleo Springs,Cleo Springs town,"43",C1,N,N,G4110,A,1453517.00000000000,0.00000000000,"+36.4046664","-098.4401138",8243.19990193000,1453519.27380000008
G40018250,"40","18250","02410261","4018250",Crescent,Crescent city,"25",C1,N,N,G4110,A,2781956.00000000000,0.00000000000,"+35.9518070","-097.5948972",8957.86963108000,2781954.44878000021
G40019650,"40","19650","02412414","4019650",Deer Creek,Deer Creek town,"43",C1,N,N,G4110,A,369050.00000000000,0.00000000000,"+36.8066824","-097.5194833",2761.71718821000,369049.48659799999
G40021250,"40","21250","02412444","4021250",Douglas,Douglas town,"43",C1,N,N,G4110,A,657902.00000000000,0.00000000000,"+36.2604628","-097.6665997",3244.35758645000,657900.93006599997
G40023550,"40","23550","02412477","4023550",Elmer,Elmer town,"43",C1,N,N,G4110,A,1091861.00000000000,0.00000000000,"+34.4808011","-099.3521040",5146.95411640000,1091860.32676000008
G40024200,"40","24200","02410451","4024200",Erick,Erick city,"25",C1,N,N,G4110,A,2441951.00000000000,0.00000000000,"+35.2155932","-099.8685897",10762.41076260000,2441956.01084000012
G40024850,"40","24850","02412610","4024850",Fairfax,Fairfax town,"43",C1,N,N,G4110,A,1983253.00000000000,6579.00000000000,"+36.5700812","-096.7078847",10592.54733610000,1989829.43273000000
G40025100,"40","25100","02410477","4025100",Fairview,Fairview city,"25",C1,N,N,G4110,A,18478211.00000000000,93026.00000000000,"+36.2706102","-098.4770170",25330.56398780000,18571230.19150000066
G40025850,"40","25850","02629918","4025850",Felt,Felt CDP,"57",U1,N,N,G4210,S,1361444.00000000000,0.00000000000,"+36.5633658","-102.7947900",5527.34578084000,1361443.72594000003
G40026750,"40","26750","02412635","4026750",Foraker,Foraker town,"43",C1,N,N,G4110,A,673440.00000000000,0.00000000000,"+36.8728298","-096.5692105",3287.39980520000,673440.42234900000
G40026900,"40","26900","02412637","4026900",Forgan,Forgan town,"43",C1,N,N,G4110,A,1018398.00000000000,0.00000000000,"+36.9069790","-100.5379789",4440.94923120000,1018395.42874999996
G40027100,"40","27100","02412638","4027100",Fort Cobb,Fort Cobb town,"43",C1,N,N,G4110,A,1844762.00000000000,22326.00000000000,"+35.1152726","-098.4453342",14818.62853600000,1867088.20799000002
G40027350,"40","27350","02412643","4027350",Fort Supply,Fort Supply town,"43",C1,N,N,G4110,A,556935.00000000000,0.00000000000,"+36.5720915","-099.5735196",3305.55915803000,556937.92349199997
G40027850,"40","27850","02412658","4027850",Freedom,Freedom town,"43",C1,N,N,G4110,A,977701.00000000000,0.00000000000,"+36.7681619","-099.1125938",6423.65684189000,977701.82023399998
G40028500,"40","28500","02410566","4028500",Garber,Garber city,"25",C1,N,N,G4110,A,1311672.00000000000,0.00000000000,"+36.4366688","-097.5810121",6667.48428062000,1311672.92335000006
G40028800,"40","28800","02412673","4028800",Gate,Gate town,"43",C1,N,N,G4110,A,652446.00000000000,0.00000000000,"+36.8517062","-100.0552080",3484.16566428000,652446.69083199999
G40030350,"40","30350","02412694","4030350",Gotebo,Gotebo town,"43",C1,N,N,G4110,A,2042364.00000000000,0.00000000000,"+35.0712300","-098.8742614",6892.73743494000,2042361.48910999997
G40030400,"40","30400","02412695","4030400",Gould,Gould town,"43",C1,N,N,G4110,A,943367.00000000000,0.00000000000,"+34.6691443","-099.7736457",4905.58008738000,943367.10193100001
G40030600,"40","30600","02412696","4030600",Gracemont,Gracemont town,"43",C1,N,N,G4110,A,428754.00000000000,0.00000000000,"+35.1878556","-098.2591138",3091.29843474000,428756.69941200002
G40030750,"40","30750","02412697","4030750",Grainola,Grainola town,"43",C1,N,N,G4110,A,623704.00000000000,0.00000000000,"+36.9379294","-096.6487710",3161.92526711000,623701.59484599996
G40030950,"40","30950","02412705","4030950",Granite,Granite town,"43",C1,N,N,G4110,A,8732017.00000000000,38309.00000000000,"+34.9511538","-099.3683792",20011.34788200000,8770325.50874999911
G40032250,"40","32250","02412722","4032250",Hammon,Hammon town,"43",C1,N,N,G4110,A,1895922.00000000000,0.00000000000,"+35.6323202","-099.3832201",6391.84476559000,1895924.53820000007
G40032550,"40","32550","02412727","4032550",Hardesty,Hardesty town,"43",C1,N,N,G4110,A,582018.00000000000,0.00000000000,"+36.6147845","-101.1936622",3893.65671845000,582018.27751399996
G40034650,"40","34650","02412753","4034650",Hillsdale,Hillsdale town,"43",C1,N,N,G4110,A,897510.00000000000,0.00000000000,"+36.5632499","-097.9926637",4069.46101559000,897510.57094300003
G40034850,"40","34850","02412757","4034850",Hitchcock,Hitchcock town,"43",C1,N,N,G4110,A,387968.00000000000,0.00000000000,"+35.9676579","-098.3496955",2598.93541501000,387968.52078600001
G40035000,"40","35000","02410770","4035000",Hobart,Hobart city,"25",C1,N,N,G4110,A,8708711.00000000000,0.00000000000,"+35.0245814","-099.0875649",24845.43655090000,8708712.57584000006
G40035500,"40","35500","02410777","4035500",Hollis,Hollis city,"25",C1,N,N,G4110,A,3845370.00000000000,0.00000000000,"+34.6896716","-099.9152943",16142.03089650000,3845366.78266000003
G40035800,"40","35800","02805324","4035800",Homestead,Homestead CDP,"57",U1,N,N,G4210,S,1961526.00000000000,0.00000000000,"+36.1499704","-098.3970038",6901.40256331000,1961525.26423000009
G40036115,"40","36115","02805328","4036115",Hough,Hough CDP,"57",U1,N,N,G4210,S,178517.00000000000,0.00000000000,"+36.8719588","-101.5747400",1699.88659364000,178517.87123500000
G40036600,"40","36600","02412781","4036600",Hunter,Hunter town,"43",C1,N,N,G4110,A,607958.00000000000,0.00000000000,"+36.5640168","-097.6625081",3117.46879211000,607959.86170200002
G40036700,"40","36700","02412785","4036700",Hydro,Hydro town,"43",C1,N,N,G4110,A,1804982.00000000000,0.00000000000,"+35.5481300","-098.5801055",14042.42729160000,1804979.41839000001
G40037350,"40","37350","02629923","4037350",Isabella,Isabella CDP,"57",U1,N,N,G4210,S,7728367.00000000000,2569.00000000000,"+36.2389866","-098.3264013",11191.06173270000,7730936.73099999968
G40038000,"40","38000","02412805","4038000",Jet,Jet town,"43",C1,N,N,G4110,A,703791.00000000000,0.00000000000,"+36.6665271","-098.1816481",3695.90942573000,703791.00917700003
G40038800,"40","38800","02410168","4038800",Kaw City,Kaw City city,"25",C1,N,N,G4110,A,7797953.00000000000,8049783.00000000000,"+36.7667480","-096.8617769",17468.59936030000,15847739.41819999926
G40040100,"40","40100","02412843","4040100",Knowles,Knowles town,"43",C1,N,N,G4110,A,514728.00000000000,0.00000000000,"+36.8728931","-100.1924156",3439.55589523000,514727.17071400001
G40040700,"40","40700","02412860","4040700",Lahoma,Lahoma town,"43",C1,N,N,G4110,A,545158.00000000000,0.00000000000,"+36.3879885","-098.0903217",4387.91649628000,545158.02110100002
G40041300,"40","41300","02412873","4041300",Lambert,Lambert town,"43",C1,N,N,G4110,A,290733.00000000000,0.00000000000,"+36.6832415","-098.4236559",2188.27135395000,290732.16784200002
G40041350,"40","41350","02412874","4041350",Lamont,Lamont town,"43",C1,N,N,G4110,A,877203.00000000000,0.00000000000,"+36.6913192","-097.5582739",4158.82386474000,877204.32104499999
G40041700,"40","41700","02412880","4041700",Laverne,Laverne town,"43",C1,N,N,G4110,A,1939039.00000000000,0.00000000000,"+36.7053512","-099.8967937",10805.03663900000,1939044.76899000001
G40042050,"40","42050","02412886","4042050",Leedey,Leedey town,"43",C1,N,N,G4110,A,1165575.00000000000,0.00000000000,"+35.8684230","-099.3449236",6321.75946820000,1165573.56625999999
G40043850,"40","43850","02412911","4043850",Lone Wolf,Lone Wolf town,"43",C1,N,N,G4110,A,1347025.00000000000,0.00000000000,"+34.9904270","-099.2456025",5798.00335903000,1347025.60403000005
G40043950,"40","43950","02412912","4043950",Longdale,Longdale town,"43",C1,N,N,G4110,A,682533.00000000000,0.00000000000,"+36.1337941","-098.5511793",3867.31192579000,682535.09791899996
G40044000,"40","44000","02412913","4044000",Lookeba,Lookeba town,"43",C1,N,N,G4110,A,657905.00000000000,0.00000000000,"+35.3629997","-098.3638395",3260.69510909000,657903.80873000005
G40044200,"40","44200","02812855","4044200",Lovell,Lovell CDP,"57",U1,N,N,G4210,S,275584.00000000000,0.00000000000,"+36.0560335","-097.6364733",2111.50065842000,275584.95023700001
G40046000,"40","46000","02412938","4046000",Manchester,Manchester town,"43",C1,N,N,G4110,A,627404.00000000000,0.00000000000,"+36.9944941","-098.0351004",3765.12054834000,627405.80977199995
G40046050,"40","46050","02410917","4046050",Mangum,Mangum city,"25",C1,N,N,G4110,A,4360105.00000000000,0.00000000000,"+34.8785739","-099.5038940",13548.49431110000,4360101.94249000028
G40046650,"40","46650","02412958","4046650",Marshall,Marshall town,"43",C1,N,N,G4110,A,1646298.00000000000,0.00000000000,"+36.1496834","-097.6232442",19134.99254570000,1646299.66286000004
G40046700,"40","46700","02412960","4046700",Martha,Martha town,"43",C1,N,N,G4110,A,652955.00000000000,0.00000000000,"+34.7259828","-099.3866574",4355.95984811000,652956.56153399998
G40047000,"40","47000","02412964","4047000",May,May town,"43",C1,N,N,G4110,A,442832.00000000000,0.00000000000,"+36.6167084","-099.7486364",3043.53924037000,442834.14451399999
G40047300,"40","47300","02411068","4047300",Medford,Medford city,"25",C1,N,N,G4110,A,2795402.00000000000,0.00000000000,"+36.8033955","-097.7378356",18128.51476420000,2795400.12105000019
G40047750,"40","47750","02412983","4047750",Meno,Meno town,"43",C1,N,N,G4110,A,496800.00000000000,0.00000000000,"+36.3881952","-098.1779254",3475.16666160000,496800.27093900001
G40049650,"40","49650","02413022","4049650",Mountain View,Mountain View town,"43",C1,N,N,G4110,A,1473845.00000000000,0.00000000000,"+35.0995160","-098.7497493",10969.55925350000,1473839.85768999998
G40050250,"40","50250","02629932","4050250",Nardin,Nardin CDP,"57",U1,N,N,G4210,S,2692828.00000000000,0.00000000000,"+36.8040910","-097.4498679",8624.49956563000,2692828.48803000012
G40050300,"40","50300","02413033","4050300",Nash,Nash town,"43",C1,N,N,G4110,A,858582.00000000000,0.00000000000,"+36.6650479","-098.0519663",5458.11184824000,858582.14926600002
G40051300,"40","51300","02411246","4051300",Newkirk,Newkirk city,"25",C1,N,N,G4110,A,3508390.00000000000,0.00000000000,"+36.8817970","-097.0552919",14937.71305140000,3508386.37608999992
G40052600,"40","52600","02413053","4052600",North Enid,North Enid town,"43",C1,N,N,G4110,A,6064077.00000000000,0.00000000000,"+36.4458380","-097.8633862",12753.65030410000,6064078.97420999967
G40053600,"40","53600","02413070","4053600",Oakwood,Oakwood town,"43",C1,N,N,G4110,A,612863.00000000000,0.00000000000,"+35.9316156","-098.7030876",3191.79198853000,612867.10053800000
G40054150,"40","54150","02413076","4054150",Okeene,Okeene town,"43",C1,N,N,G4110,A,5862489.00000000000,0.00000000000,"+36.1170765","-098.3167339",13894.22284020000,5862490.71745999996
G40057900,"40","57900","02805347","4057900",Peckham,Peckham CDP,"57",U1,N,N,G4210,S,476581.00000000000,0.00000000000,"+36.8866524","-097.1780561",3110.35376196000,476581.58482200000
G40061650,"40","61650","02412522","4061650",Ralston,Ralston town,"43",C1,N,N,G4110,A,1195153.00000000000,0.00000000000,"+36.5034749","-096.7373802",5389.59426021000,1195155.44806999993
G40063100,"40","63100","02412546","4063100",Reydon,Reydon town,"43",C1,N,N,G4110,A,1278062.00000000000,0.00000000000,"+35.6498124","-099.9236096",6031.88688362000,1278060.13465999998
G40063450,"40","63450","02412553","4063450",Ringwood,Ringwood town,"43",C1,N,N,G4110,A,2153199.00000000000,1382.00000000000,"+36.3835835","-098.2399655",7172.60074747000,2154580.87257000012
G40064050,"40","64050","02412579","4064050",Rosston,Rosston town,"43",C1,N,N,G4110,A,710065.00000000000,0.00000000000,"+36.8128965","-099.9327462",3744.27379045000,710065.34440499998
G40066300,"40","66300","02805354","4066300",Selman,Selman CDP,"57",U1,N,N,G4210,S,615971.00000000000,0.00000000000,"+36.8014131","-099.4893222",3092.00050315000,615970.17646600003
G40066650,"40","66650","02413277","4066650",Sharon,Sharon town,"43",C1,N,N,G4110,A,352919.00000000000,0.00000000000,"+36.2754924","-099.3381343",2619.79588445000,352920.09186400002
G40070950,"40","70950","02413344","4070950",Strong City,Strong City town,"43",C1,N,N,G4110,A,1289995.00000000000,0.00000000000,"+35.6698402","-099.6004485",4839.21769864000,1289994.24958000006
G40073150,"40","73150","02413380","4073150",Texola,Texola town,"43",C1,N,N,G4110,A,1586069.00000000000,0.00000000000,"+35.2224618","-099.9929591",9216.21017629000,1586069.95851000003
G40073450,"40","73450","02412061","4073450",Thomas,Thomas city,"25",C1,N,N,G4110,A,2976830.00000000000,0.00000000000,"+35.7451922","-098.7451164",11037.40826280000,2976823.08535999991
G40074150,"40","74150","02412083","4074150",Tonkawa,Tonkawa city,"25",C1,N,N,G4110,A,11283104.00000000000,125590.00000000000,"+36.6705892","-097.3150280",61507.67852790000,11408699.76610000059
G40075200,"40","75200","02629938","4075200",Turpin,Turpin CDP,"57",U1,N,N,G4210,S,2588335.00000000000,0.00000000000,"+36.8704575","-100.8825017",6430.86536375000,2588336.24014999997
G40077300,"40","77300","02413432","4077300",Vici,Vici town,"43",C1,N,N,G4110,A,1124294.00000000000,0.00000000000,"+36.1488099","-099.2994327",7023.49953020000,1124293.20289999992
G40077950,"40","77950","02413439","4077950",Wakita,Wakita town,"43",C1,N,N,G4110,A,806327.00000000000,0.00000000000,"+36.8818603","-097.9239483",5012.00080767000,806326.93926000001
G40078750,"40","78750","02805360","4078750",Washita,Washita CDP,"57",U1,N,N,G4210,S,1486084.00000000000,0.00000000000,"+35.1044068","-098.3413376",6078.61440222000,1486082.67044000002
G40081300,"40","81300","02413491","4081300",Willow,Willow town,"43",C1,N,N,G4110,A,678838.00000000000,0.00000000000,"+35.0515312","-099.5098983",4092.67796066000,678838.04590499995
G48001324,"48","01324","02409665","4801324",Adrian,Adrian city,"25",C1,N,N,G4110,A,1217792.00000000000,0.00000000000,"+35.2741188","-102.6672465",6582.88849525000,1217792.25858999998
G48001612,"48","01612","02805780","4801612",Alanreed,Alanreed CDP,"57",U1,N,N,G4210,S,1191506.00000000000,597.00000000000,"+35.2119872","-100.7326292",4986.98818153000,1192103.62091000006
G48001648,"48","01648","02409676","4801648",Albany,Albany city,"25",C1,N,N,G4110,A,4057325.00000000000,0.00000000000,"+32.7272659","-099.2956638",17378.23118250000,4057327.27530999994
G48002032,"48","02032","02805849","4802032",Allison,Allison CDP,"57",U1,N,N,G4210,S,5276664.00000000000,0.00000000000,"+35.6119797","-100.1115395",9747.11991052000,5276661.14164999966
G48003372,"48","03372","02409713","4803372",Anson,Anson city,"25",C1,N,N,G4110,A,7149487.00000000000,8855.00000000000,"+32.7545109","-099.8961752",13319.41812520000,7158338.65792000014
G48004408,"48","04408","02411650","4804408",Aspermont,Aspermont town,"43",C1,N,N,G4110,A,5320616.00000000000,47365.00000000000,"+33.1409213","-100.2248667",12039.16300140000,5367977.07247999962
G48007636,"48","07636","02409834","4807636",Benjamin,Benjamin city,"25",C1,N,N,G4110,A,2722373.00000000000,0.00000000000,"+33.5836062","-099.7929315",6710.54270150000,2722375.17138000019
G48011572,"48","11572","02805835","4811572",Bushland,Bushland CDP,"57",U1,N,N,G4210,S,15474234.00000000000,2481.00000000000,"+35.2029048","-102.0590017",17540.94998160000,15476714.95610000193
G48011644,"48","11644","02409951","4811644",Byers,Byers city,"25",C1,N,N,G4110,A,2575193.00000000000,56194.00000000000,"+34.0691712","-098.1909308",9996.15781425000,2631387.62312000012
G48014680,"48","14680","02409450","4814680",Chillicothe,Chillicothe city,"25",C1,N,N,G4110,A,2643204.00000000000,353.00000000000,"+34.2557406","-099.5141420",9678.29669947000,2643561.53231000016
G48017768,"48","17768","02410267","4817768",Crosbyton,Crosbyton city,"25",C1,N,N,G4110,A,5466242.00000000000,0.00000000000,"+33.6412979","-101.2377197",24579.00518310000,5466242.29377999995
G48017948,"48","17948","02410269","4817948",Crowell,Crowell city,"25",C1,N,N,G4110,A,4883719.00000000000,4491.00000000000,"+33.9835614","-099.7243743",9064.11892836000,4888217.10914999992
G48020716,"48","20716","02412437","4820716",Dodson,Dodson town,"43",C1,N,N,G4110,A,1579552.00000000000,0.00000000000,"+34.7653751","-100.0204190",5484.59659224000,1579554.51246999996
G48024636,"48","24636","02412602","4824636",Estelline,Estelline town,"43",C1,N,N,G4110,A,1898617.00000000000,0.00000000000,"+34.5469937","-100.4399381",6006.94298252000,1898617.29111000011
G48026268,"48","26268","02410514","4826268",Floydada,Floydada city,"25",C1,N,N,G4110,A,5264667.00000000000,0.00000000000,"+33.9835140","-101.3368021",13405.97083660000,5264666.80489000026
G48029612,"48","29612","02408294","4829612",Girard,Girard CDP,"57",U1,N,N,G4210,S,3759285.00000000000,0.00000000000,"+33.3634999","-100.6596914",9317.27964270000,3759284.47942999983
G48030296,"48","30296","02410624","4830296",Goree,Goree city,"25",C1,N,N,G4110,A,3754946.00000000000,0.00000000000,"+33.4679647","-099.5236213",7759.27054783000,3754942.64015999995
G48031292,"48","31292","02412711","4831292",Groom,Groom town,"43",C1,N,N,G4110,A,1927510.00000000000,567.00000000000,"+35.2076507","-101.1055331",8436.24149622000,1928078.34168000007
G48031412,"48","31412","02410671","4831412",Gruver,Gruver city,"25",C1,N,N,G4110,A,2852696.00000000000,0.00000000000,"+36.2604935","-101.4071215",13902.01890740000,2852690.50014000013
G48031964,"48","31964","02410695","4831964",Hamlin,Hamlin city,"25",C1,N,N,G4110,A,13694065.00000000000,27257.00000000000,"+32.8899871","-100.1324995",20555.33052420000,13721320.21680000052
G48032696,"48","32696","02410712","4832696",Haskell,Haskell city,"25",C1,N,N,G4110,A,9318043.00000000000,0.00000000000,"+33.1597745","-099.7320319",15880.13674580000,9318039.65857000090
G48032840,"48","32840","02410719","4832840",Hawley,Hawley city,"25",C1,N,N,G4110,A,7588852.00000000000,19129.00000000000,"+32.6066961","-099.8101634",13550.33285590000,7607973.79844999965
G48035732,"48","35732","02410093","4835732",Idalou,Idalou city,"25",C1,N,N,G4110,A,2616014.00000000000,0.00000000000,"+33.6623995","-101.6836965",8352.92663467000,2616011.42048999993
G48037468,"48","37468","02410136","4837468",Jayton,Jayton city,"25",C1,N,N,G4110,A,4394635.00000000000,0.00000000000,"+33.2501797","-100.5748684",9632.81141547000,4394631.29055999964
G48039700,"48","39700","02412844","4839700",Knox City,Knox City town,"43",C1,N,N,G4110,A,2158013.00000000000,0.00000000000,"+33.4175739","-099.8157034",8918.85478198000,2158015.68069999991
G48041164,"48","41164","02411618","4841164",Lamesa,Lamesa city,"25",C1,Y,N,G4110,A,13228239.00000000000,81129.00000000000,"+32.7333384","-101.9537729",49930.48961610000,13309364.36889999919
G48042148,"48","42148","02412888","4842148",Lefors,Lefors town,"43",C1,N,N,G4110,A,1009111.00000000000,0.00000000000,"+35.4396012","-100.8038887",4738.98964198000,1009108.39254999999
G48043252,"48","43252","02412906","4843252",Lockney,Lockney town,"43",C1,N,N,G4110,A,4009869.00000000000,0.00000000000,"+34.1230540","-101.4424716",11482.73140520000,4009864.45208000019
G48044032,"48","44032","02410874","4844032",Lorenzo,Lorenzo city,"25",C1,N,N,G4110,A,2470780.00000000000,0.00000000000,"+33.6703405","-101.5360780",8088.43445409000,2470783.00557000004
G48045048,"48","45048","02410894","4845048",Lueders,Lueders city,"25",C1,N,N,G4110,A,1527146.00000000000,0.00000000000,"+32.8004322","-099.6232173",6203.75995844000,1527151.37757000001
G48045444,"48","45444","02805778","4845444",McCaulley,McCaulley CDP,"57",U1,N,N,G4210,S,2251782.00000000000,7469.00000000000,"+32.7793407","-100.2067470",8181.17253245000,2259251.44163999986
G48045780,"48","45780","02412968","4845780",McLean,McLean town,"43",C1,N,N,G4110,A,2999766.00000000000,0.00000000000,"+35.2323392","-100.6001071",7653.00098082000,2999769.92625000002
G48047004,"48","47004","02412962","4847004",Matador,Matador town,"43",C1,N,N,G4110,A,3377820.00000000000,0.00000000000,"+34.0150839","-100.8210938",13829.59770210000,3377815.83258999977
G48047616,"48","47616","02411074","4847616",Memphis,Memphis city,"25",C1,N,N,G4110,A,5811643.00000000000,0.00000000000,"+34.7267336","-100.5416553",13354.19874920000,5811638.95229000039
G48048852,"48","48852","02411128","4848852",Mobeetie,Mobeetie city,"25",C1,N,N,G4110,A,1580938.00000000000,0.00000000000,"+35.5336885","-100.4413193",8340.71209387000,1580936.83832999994
G48049440,"48","49440","02408871","4849440",Morse,Morse CDP,"57",U1,N,N,G4210,S,1428023.00000000000,0.00000000000,"+36.0659604","-101.4769245",6694.84856536000,1428022.48898999998
G48050040,"48","50040","02411195","4850040",Munday,Munday city,"25",C1,N,N,G4110,A,3696268.00000000000,0.00000000000,"+33.4471015","-099.6239039",11420.16231940000,3696273.47447999986
G48053304,"48","53304","02411299","4853304",O'Brien,O'Brien city,"25",C1,N,N,G4110,A,1304634.00000000000,0.00000000000,"+33.3801979","-099.8438240",4614.76110736000,1304634.78894000011
G48053436,"48","53436","02411304","4853436",O'Donnell,O'Donnell city,"25",C1,N,N,G4110,A,2227932.00000000000,0.00000000000,"+32.9652021","-101.8308416",6279.96109558000,2227931.80354000023
G48054600,"48","54600","02413098","4854600",Paducah,Paducah town,"43",C1,N,N,G4110,A,3900109.00000000000,6648.00000000000,"+34.0140055","-100.3036928",9297.96493031000,3906757.07241000002
G48056996,"48","56996","02411408","4856996",Petersburg,Petersburg city,"25",C1,N,N,G4110,A,2095255.00000000000,0.00000000000,"+33.8710489","-101.5972917",8500.88985616000,2095252.00551999989
G48060356,"48","60356","02411512","4860356",Ralls,Ralls city,"25",C1,N,N,G4110,A,3494238.00000000000,0.00000000000,"+33.6787742","-101.3845912",11679.25111050000,3494229.44152999995
G48062528,"48","62528","02412558","4862528",Roaring Springs,Roaring Springs town,"43",C1,N,N,G4110,A,2749964.00000000000,0.00000000000,"+33.8991825","-100.8561415",6871.89009041000,2749963.99587000022
G48062636,"48","62636","02412559","4862636",Rochester,Rochester town,"43",C1,N,N,G4110,A,884779.00000000000,0.00000000000,"+33.3142054","-099.8565030",3955.17883167000,884779.63307800004
G48063464,"48","63464","02411004","4863464",Rotan,Rotan city,"25",C1,N,N,G4110,A,5238466.00000000000,0.00000000000,"+32.8540474","-100.4655190",10047.91897240000,5238471.11209999956
G48063752,"48","63752","02412582","4863752",Rule,Rule town,"43",C1,N,N,G4110,A,1804447.00000000000,0.00000000000,"+33.1819415","-099.8932721",8002.52778648000,1804444.45646000002
G48067160,"48","67160","02411875","4867160",Shamrock,Shamrock city,"25",C1,N,N,G4110,A,5300471.00000000000,0.00000000000,"+35.2154012","-100.2460845",20019.19875050000,5300471.25485999975
G48067904,"48","67904","02411903","4867904",Silverton,Silverton city,"25",C1,N,N,G4110,A,2603015.00000000000,0.00000000000,"+34.4713719","-101.3040487",6457.25087554000,2603012.43661000021
G48069476,"48","69476","02411950","4869476",Spearman,Spearman city,"25",C1,N,N,G4110,A,5449892.00000000000,0.00000000000,"+36.1981823","-101.1943432",16680.22516780000,5449883.41688999999
G48069848,"48","69848","02411964","4869848",Spur,Spur city,"25",C1,N,N,G4110,A,4150709.00000000000,766.00000000000,"+33.4765825","-100.8502147",23799.47157820000,4151471.85262000002
G48071636,"48","71636","02805779","4871636",Sylvester,Sylvester CDP,"57",U1,N,N,G4210,S,2289176.00000000000,5825.00000000000,"+32.7228804","-100.2499292",9237.84926356000,2295002.94511999981
G48071708,"48","71708","02412029","4871708",Tahoka,Tahoka city,"25",C1,N,N,G4110,A,6166567.00000000000,34254.00000000000,"+33.1637770","-101.7950806",13185.07946780000,6200823.51504999958
G48075188,"48","75188","02412147","4875188",Vega,Vega city,"25",C1,N,N,G4110,A,3466375.00000000000,0.00000000000,"+35.2453021","-102.4292467",12874.83512110000,3466376.39590999996
G48077044,"48","77044","02412203","4877044",Weinert,Weinert city,"25",C1,N,N,G4110,A,1251893.00000000000,0.00000000000,"+33.3234004","-099.6736736",4520.34958465000,1251894.88005000004
G48077152,"48","77152","02412207","4877152",Wellington,Wellington city,"25",C1,N,N,G4110,A,3572564.00000000000,0.00000000000,"+34.8538126","-100.2139816",12453.90039360000,3572563.12721000006
G48079180,"48","79180","02805826","4879180",Wildorado,Wildorado CDP,"57",U1,N,N,G4210,S,6090285.00000000000,890.00000000000,"+35.2092056","-102.2095147",13205.34881060000,6091174.74522999953
G48079612,"48","79612","02412276","4879612",Wilson,Wilson city,"25",C1,N,N,G4110,A,1672964.00000000000,0.00000000000,"+33.3193403","-101.7274989",6314.55729253000,1672965.76496999990
